customerID,forename,surname,address,postCode,phoneNo
7486,Ian,Arthur,330 West Street,G87 2VB,07989 914299
7563,David,Ballantyne,87 King's Place,G9 7WH,07873 468849
8869,Stuart,Barnes,256 Hope Street,KA6 0KS,07153 426507
6816,John,Brown,23 Bellflower Gardens,G58 6SL,07771 458506
1872,Stuart,Campbell,2/8 Roberston Gait,EH11 1HJ,07871 142681
6473,Jack,Cook,65 Castle Place,G5 6ME,07006 672479
9579,Laura,Forbes,90 Church Street,KA7 2LG,07487 256037
1189,Jennifer,Hart,9A Douglas Place,EH1 5LD,07900 537290
4668,Abdur,Imran,98 Springfield Road,FK2 0HO,07361 397435
6275,Adil,Jabbar,90 Market Street,G5 6CK,07413 791995
5786,Mark,Jones,23 Queensway,G2 1LZ,07174 763203
7380,Mark,Jones,8 Windsor Avenue,G6 9HA,07868 666171
7416,Stephanie,Jones,87 Hampshire Gardens,G74 3VX,07615 836502
8291,Jacob,Joseph,22 Deanston Street,KA0 0TP,07945 061491
1025,Max,Power,189 Hunter Drive,G55 6TG,07766 336835
4730,Stewart,Regan,134 Burton Lane,FK6 0XT,07115 051817
4917,Lawrence,Rose,38 South Street,FK7 7BF,07542 139739
2762,Violet,Rose,42 Mallot Street,EH9 2AH,07071 225929
8404,Rebecca,Shearer,12 Hill Street,KA3 9WU,07154 704172
8723,Alan,Simpson,5B Church Lane,KA5 9RX,07768 478897
1762,Laura,Skelly,99 Queensway,EH7 4UZ,07008 072455
2026,Mark,Slorance,200 Edward Drive,EH71 3UM,07194 413012
1566,Angela,Smith,178 Mount Stuart Street,EH43 5UJ,07110 577507
4707,Angela,Smith,230 Bellwood Drive,FK3 7WP,07233 894939
4591,Derek,Tsang,243 Hill Street,FK1 1FM,07160 225407
3345,Amy,Williams,15 King Street,EH9 9UE,07092 544935
2539,Colin,Wilson,12 Hunter Drive,EH83 6NE,07826 411735
5441,Colin,Wilson,42 Mill Lane,FK9 2QY,07529 702292
8127,Jennifer,Wilson,2 West Street,G98 7FD,07679 591563
5475,Lawrie,Young,70 Drew Street,G1 9CJ,07817 412513
