plantID,plantName,scientificName,ediblePart,soilType,climateRef
1111,Strawberry,Fragaria,Fruit,Loam,101
1112,Pea,Pisum,Seed,Sandy,102
1113,Tomato,Solanum,Fruit,Peat,103
1114,Spinach,Spinacia,Leaf,Clay,101
1115,Carrot,Daucus,Root,Sandy,104
1116,Lettuce,Lactuca,Leaf,Loam,103
1117,Potato,Solanum tuberosum,Tuber,Sandy,104
1118,Broccoli,Brassica oleracea,Floret,Clay,101
1119,Blueberry,Vaccinium,Fruit,Peat,102
1120,Cucumber,Cucumis sativus,Fruit,Loam,103
1121,Pumpkin,Cucurbita pepo,Fruit,Sandy,102
1122,Cherry Tomato,Solanum lycopersicum var. cerasiforme,Fruit,Loam,101
1123,Green Bean,Phaseolus vulgaris,Pod,Sandy,104
1124,Kale,Brassica oleracea,Leaf,Clay,103
1125,Watermelon,Citrullus lanatus,Fruit,Sandy,102
1126,Zucchini,Cucurbita pepo,Fruit,Loam,101
1127,Bell Pepper,Capsicum annuum,Fruit,Peat,103
1128,Sweet Potato,Ipomoea batatas,Tuber,Clay,101
1129,Radish,Raphanus sativus,Root,Sandy,104
1130,Cabbage,Brassica oleracea,Leaf,Loam,102
1131,Apple,Malus domestica,Fruit,Loam,101
1132,Grapes,Vitis vinifera,Fruit,Sandy,102
1133,Peach,Prunus persica,Fruit,Clay,103
1134,Avocado,Persea americana,Fruit,Sandy,104
1135,Mango,Mangifera indica,Fruit,Loam,101
1136,Pineapple,Ananas comosus,Fruit,Sandy,102
1137,Blackberry,Rubus fruticosus,Fruit,Clay,103
1138,Artichoke,Cynara scolymus,Flower Bud,Sandy,104
1139,Asparagus,Asparagus officinalis,Shoot,Loam,101
1140,Cantaloupe,Cucumis melo,Fruit,Sandy,102
1141,Pomegranate,Punica granatum,Fruit,Clay,103
1142,Lemon,Citrus limon,Fruit,Sandy,104
1143,Raspberry,Rubus idaeus,Fruit,Loam,101
1144,Chives,Allium schoenoprasum,Leaves,Sandy,102
1145,Garlic,Allium sativum,Bulb,Clay,103
1146,Oregano,Origanum vulgare,Leaves,Loam,101
1147,Thyme,Thymus vulgaris,Leaves,Sandy,102
1148,Rosemary,Rosmarinus officinalis,Leaves,Clay,103
1149,Cilantro,Coriandrum sativum,Leaves,Sandy,104
1150,Basil,Ocimum basilicum,Leaves,Loam,101
1151,Cinnamon,Cinnamomum verum,Bark,Sandy,102
1152,Mint,Mentha,Leaves,Clay,103
1153,Lavender,Lavandula,Flowers,Sandy,104
1154,Cranberry,Vaccinium macrocarpon,Fruit,Loam,101
1155,Almond,Prunus dulcis,Seed,Sandy,102
1156,Walnut,Juglans regia,Seed,Clay,103
1157,Hazelnut,Corylus avellana,Seed,Sandy,104
1158,Parsley,Petroselinum crispum,Leaves,Loam,101
1159,Sage,Salvia officinalis,Leaves,Sandy,102
1160,Dill,Anethum graveolens,Leaves,Clay,103
1161,Chamomile,Matricaria chamomilla,Flowers,Sandy,104
1162,Coriander,Coriandrum sativum,Leaves,Loam,101
1163,Fennel,Foeniculum vulgare,Leaves,Sandy,102
1164,Mustard,Brassica juncea,Leaves,Clay,103
1165,Lemon Balm,Melissa officinalis,Leaves,Sandy,104
